{"metadata":{"kernel_spec":{"name":"SQL","language":"sql","display_name":"SQL"},"language_info":{"name":"sql","version":""}},"nbformat":4,"nbformat_minor":2,"cells":[{"cell_type":"markdown","source":["# [FK__Teacher_S__Teach__6DCC4D03]"],"metadata":{"urn":"Server[@Name='Shajan\\SQLEXPRESS']/Database[@Name='SMS_DB']/Table[@Name='Teacher_Subject_Allocation' and @Schema='dbo']/ForeignKey[@Name='FK__Teacher_S__Teach__6DCC4D03']","object_type":"ForeignKey"}},{"outputs":[],"execution_count":0,"cell_type":"code","source":["USE [SMS_DB]\r\n","GO\r\n"],"metadata":{"urn":"Server[@Name='Shajan\\SQLEXPRESS']/Database[@Name='SMS_DB']/Table[@Name='Teacher_Subject_Allocation' and @Schema='dbo']/ForeignKey[@Name='FK__Teacher_S__Teach__6DCC4D03']","object_type":"ForeignKey"}},{"outputs":[],"execution_count":0,"cell_type":"code","source":["ALTER TABLE [dbo].[Teacher_Subject_Allocation] DROP CONSTRAINT [FK__Teacher_S__Teach__6DCC4D03]\r\n","GO\r\n"],"metadata":{"urn":"Server[@Name='Shajan\\SQLEXPRESS']/Database[@Name='SMS_DB']/Table[@Name='Teacher_Subject_Allocation' and @Schema='dbo']/ForeignKey[@Name='FK__Teacher_S__Teach__6DCC4D03']","object_type":"ForeignKey"}},{"cell_type":"markdown","source":["# [FK__Teacher_S__Subje__6EC0713C]"],"metadata":{"urn":"Server[@Name='Shajan\\SQLEXPRESS']/Database[@Name='SMS_DB']/Table[@Name='Teacher_Subject_Allocation' and @Schema='dbo']/ForeignKey[@Name='FK__Teacher_S__Subje__6EC0713C']","object_type":"ForeignKey"}},{"outputs":[],"execution_count":0,"cell_type":"code","source":["ALTER TABLE [dbo].[Teacher_Subject_Allocation] DROP CONSTRAINT [FK__Teacher_S__Subje__6EC0713C]\r\n","GO\r\n"],"metadata":{"urn":"Server[@Name='Shajan\\SQLEXPRESS']/Database[@Name='SMS_DB']/Table[@Name='Teacher_Subject_Allocation' and @Schema='dbo']/ForeignKey[@Name='FK__Teacher_S__Subje__6EC0713C']","object_type":"ForeignKey"}},{"cell_type":"markdown","source":["# [FK__Student_S__Subje__72910220]"],"metadata":{"urn":"Server[@Name='Shajan\\SQLEXPRESS']/Database[@Name='SMS_DB']/Table[@Name='Student_Subject_Teacher_Allocation' and @Schema='dbo']/ForeignKey[@Name='FK__Student_S__Subje__72910220']","object_type":"ForeignKey"}},{"outputs":[],"execution_count":0,"cell_type":"code","source":["ALTER TABLE [dbo].[Student_Subject_Teacher_Allocation] DROP CONSTRAINT [FK__Student_S__Subje__72910220]\r\n","GO\r\n"],"metadata":{"urn":"Server[@Name='Shajan\\SQLEXPRESS']/Database[@Name='SMS_DB']/Table[@Name='Student_Subject_Teacher_Allocation' and @Schema='dbo']/ForeignKey[@Name='FK__Student_S__Subje__72910220']","object_type":"ForeignKey"}},{"cell_type":"markdown","source":["# [FK__Student_S__Stude__73852659]"],"metadata":{"urn":"Server[@Name='Shajan\\SQLEXPRESS']/Database[@Name='SMS_DB']/Table[@Name='Student_Subject_Teacher_Allocation' and @Schema='dbo']/ForeignKey[@Name='FK__Student_S__Stude__73852659']","object_type":"ForeignKey"}},{"outputs":[],"execution_count":0,"cell_type":"code","source":["ALTER TABLE [dbo].[Student_Subject_Teacher_Allocation] DROP CONSTRAINT [FK__Student_S__Stude__73852659]\r\n","GO\r\n"],"metadata":{"urn":"Server[@Name='Shajan\\SQLEXPRESS']/Database[@Name='SMS_DB']/Table[@Name='Student_Subject_Teacher_Allocation' and @Schema='dbo']/ForeignKey[@Name='FK__Student_S__Stude__73852659']","object_type":"ForeignKey"}},{"cell_type":"markdown","source":["# [DF__Teacher__IsEnabl__6442E2C9]"],"metadata":{"urn":"Server[@Name='Shajan\\SQLEXPRESS']/Database[@Name='SMS_DB']/Table[@Name='Teacher' and @Schema='dbo']/Column[@Name='IsEnable']/Default[@Name='DF__Teacher__IsEnabl__6442E2C9']","object_type":"Default"}},{"outputs":[],"execution_count":0,"cell_type":"code","source":["ALTER TABLE [dbo].[Teacher] DROP CONSTRAINT [DF__Teacher__IsEnabl__6442E2C9]\r\n","GO\r\n"],"metadata":{"urn":"Server[@Name='Shajan\\SQLEXPRESS']/Database[@Name='SMS_DB']/Table[@Name='Teacher' and @Schema='dbo']/Column[@Name='IsEnable']/Default[@Name='DF__Teacher__IsEnabl__6442E2C9']","object_type":"Default"}},{"cell_type":"markdown","source":["# [DF__Subject__IsEnabl__69FBBC1F]"],"metadata":{"urn":"Server[@Name='Shajan\\SQLEXPRESS']/Database[@Name='SMS_DB']/Table[@Name='Subject' and @Schema='dbo']/Column[@Name='IsEnable']/Default[@Name='DF__Subject__IsEnabl__69FBBC1F']","object_type":"Default"}},{"outputs":[],"execution_count":0,"cell_type":"code","source":["ALTER TABLE [dbo].[Subject] DROP CONSTRAINT [DF__Subject__IsEnabl__69FBBC1F]\r\n","GO\r\n"],"metadata":{"urn":"Server[@Name='Shajan\\SQLEXPRESS']/Database[@Name='SMS_DB']/Table[@Name='Subject' and @Schema='dbo']/Column[@Name='IsEnable']/Default[@Name='DF__Subject__IsEnabl__69FBBC1F']","object_type":"Default"}},{"cell_type":"markdown","source":["# [DF__Student__IsEnabl__671F4F74]"],"metadata":{"urn":"Server[@Name='Shajan\\SQLEXPRESS']/Database[@Name='SMS_DB']/Table[@Name='Student' and @Schema='dbo']/Column[@Name='IsEnable']/Default[@Name='DF__Student__IsEnabl__671F4F74']","object_type":"Default"}},{"outputs":[],"execution_count":0,"cell_type":"code","source":["ALTER TABLE [dbo].[Student] DROP CONSTRAINT [DF__Student__IsEnabl__671F4F74]\r\n","GO\r\n"],"metadata":{"urn":"Server[@Name='Shajan\\SQLEXPRESS']/Database[@Name='SMS_DB']/Table[@Name='Student' and @Schema='dbo']/Column[@Name='IsEnable']/Default[@Name='DF__Student__IsEnabl__671F4F74']","object_type":"Default"}},{"cell_type":"markdown","source":["# [UQ__Teacher___7733E37D033050F9]"],"metadata":{"urn":"Server[@Name='Shajan\\SQLEXPRESS']/Database[@Name='SMS_DB']/Table[@Name='Teacher_Subject_Allocation' and @Schema='dbo']/Index[@Name='UQ__Teacher___7733E37D033050F9']","object_type":"Index"}},{"outputs":[],"execution_count":0,"cell_type":"code","source":["/****** Object:  Index [UQ__Teacher___7733E37D033050F9]    Script Date: 5/20/2024 8:50:07 PM ******/\r\nALTER TABLE [dbo].[Teacher_Subject_Allocation] DROP CONSTRAINT [UQ__Teacher___7733E37D033050F9]\r\n","GO\r\n"],"metadata":{"urn":"Server[@Name='Shajan\\SQLEXPRESS']/Database[@Name='SMS_DB']/Table[@Name='Teacher_Subject_Allocation' and @Schema='dbo']/Index[@Name='UQ__Teacher___7733E37D033050F9']","object_type":"Index"}},{"cell_type":"markdown","source":["# [UQ__Student___58646DF9ADF10A54]"],"metadata":{"urn":"Server[@Name='Shajan\\SQLEXPRESS']/Database[@Name='SMS_DB']/Table[@Name='Student_Subject_Teacher_Allocation' and @Schema='dbo']/Index[@Name='UQ__Student___58646DF9ADF10A54']","object_type":"Index"}},{"outputs":[],"execution_count":0,"cell_type":"code","source":["/****** Object:  Index [UQ__Student___58646DF9ADF10A54]    Script Date: 5/20/2024 8:50:07 PM ******/\r\nALTER TABLE [dbo].[Student_Subject_Teacher_Allocation] DROP CONSTRAINT [UQ__Student___58646DF9ADF10A54]\r\n","GO\r\n"],"metadata":{"urn":"Server[@Name='Shajan\\SQLEXPRESS']/Database[@Name='SMS_DB']/Table[@Name='Student_Subject_Teacher_Allocation' and @Schema='dbo']/Index[@Name='UQ__Student___58646DF9ADF10A54']","object_type":"Index"}},{"cell_type":"markdown","source":["# [dbo].[Teacher_Subject_Allocation]"],"metadata":{"urn":"Server[@Name='Shajan\\SQLEXPRESS']/Database[@Name='SMS_DB']/Table[@Name='Teacher_Subject_Allocation' and @Schema='dbo']","object_type":"Table"}},{"outputs":[],"execution_count":0,"cell_type":"code","source":["/****** Object:  Table [dbo].[Teacher_Subject_Allocation]    Script Date: 5/20/2024 8:50:07 PM ******/\r\nIF  EXISTS (SELECT * FROM sys.objects WHERE object_id = OBJECT_ID(N'[dbo].[Teacher_Subject_Allocation]') AND type in (N'U'))\r\nDROP TABLE [dbo].[Teacher_Subject_Allocation]\r\n","GO\r\n"],"metadata":{"urn":"Server[@Name='Shajan\\SQLEXPRESS']/Database[@Name='SMS_DB']/Table[@Name='Teacher_Subject_Allocation' and @Schema='dbo']","object_type":"Table"}},{"cell_type":"markdown","source":["# [dbo].[Teacher]"],"metadata":{"urn":"Server[@Name='Shajan\\SQLEXPRESS']/Database[@Name='SMS_DB']/Table[@Name='Teacher' and @Schema='dbo']","object_type":"Table"}},{"outputs":[],"execution_count":0,"cell_type":"code","source":["/****** Object:  Table [dbo].[Teacher]    Script Date: 5/20/2024 8:50:07 PM ******/\r\nIF  EXISTS (SELECT * FROM sys.objects WHERE object_id = OBJECT_ID(N'[dbo].[Teacher]') AND type in (N'U'))\r\nDROP TABLE [dbo].[Teacher]\r\n","GO\r\n"],"metadata":{"urn":"Server[@Name='Shajan\\SQLEXPRESS']/Database[@Name='SMS_DB']/Table[@Name='Teacher' and @Schema='dbo']","object_type":"Table"}},{"cell_type":"markdown","source":["# [dbo].[Subject]"],"metadata":{"urn":"Server[@Name='Shajan\\SQLEXPRESS']/Database[@Name='SMS_DB']/Table[@Name='Subject' and @Schema='dbo']","object_type":"Table"}},{"outputs":[],"execution_count":0,"cell_type":"code","source":["/****** Object:  Table [dbo].[Subject]    Script Date: 5/20/2024 8:50:07 PM ******/\r\nIF  EXISTS (SELECT * FROM sys.objects WHERE object_id = OBJECT_ID(N'[dbo].[Subject]') AND type in (N'U'))\r\nDROP TABLE [dbo].[Subject]\r\n","GO\r\n"],"metadata":{"urn":"Server[@Name='Shajan\\SQLEXPRESS']/Database[@Name='SMS_DB']/Table[@Name='Subject' and @Schema='dbo']","object_type":"Table"}},{"cell_type":"markdown","source":["# [dbo].[Student_Subject_Teacher_Allocation]"],"metadata":{"urn":"Server[@Name='Shajan\\SQLEXPRESS']/Database[@Name='SMS_DB']/Table[@Name='Student_Subject_Teacher_Allocation' and @Schema='dbo']","object_type":"Table"}},{"outputs":[],"execution_count":0,"cell_type":"code","source":["/****** Object:  Table [dbo].[Student_Subject_Teacher_Allocation]    Script Date: 5/20/2024 8:50:07 PM ******/\r\nIF  EXISTS (SELECT * FROM sys.objects WHERE object_id = OBJECT_ID(N'[dbo].[Student_Subject_Teacher_Allocation]') AND type in (N'U'))\r\nDROP TABLE [dbo].[Student_Subject_Teacher_Allocation]\r\n","GO\r\n"],"metadata":{"urn":"Server[@Name='Shajan\\SQLEXPRESS']/Database[@Name='SMS_DB']/Table[@Name='Student_Subject_Teacher_Allocation' and @Schema='dbo']","object_type":"Table"}},{"cell_type":"markdown","source":["# [dbo].[Student]"],"metadata":{"urn":"Server[@Name='Shajan\\SQLEXPRESS']/Database[@Name='SMS_DB']/Table[@Name='Student' and @Schema='dbo']","object_type":"Table"}},{"outputs":[],"execution_count":0,"cell_type":"code","source":["/****** Object:  Table [dbo].[Student]    Script Date: 5/20/2024 8:50:07 PM ******/\r\nIF  EXISTS (SELECT * FROM sys.objects WHERE object_id = OBJECT_ID(N'[dbo].[Student]') AND type in (N'U'))\r\nDROP TABLE [dbo].[Student]\r\n","GO\r\n"],"metadata":{"urn":"Server[@Name='Shajan\\SQLEXPRESS']/Database[@Name='SMS_DB']/Table[@Name='Student' and @Schema='dbo']","object_type":"Table"}},{"cell_type":"markdown","source":["# [SMS_DB]"],"metadata":{"urn":"Server[@Name='Shajan\\SQLEXPRESS']/Database[@Name='SMS_DB']","object_type":"Database"}},{"outputs":[],"execution_count":0,"cell_type":"code","source":["USE [master]\r\n","GO\r\n"],"metadata":{"urn":"Server[@Name='Shajan\\SQLEXPRESS']/Database[@Name='SMS_DB']","object_type":"Database"}},{"outputs":[],"execution_count":0,"cell_type":"code","source":["/****** Object:  Database [SMS_DB]    Script Date: 5/20/2024 8:50:07 PM ******/\r\nDROP DATABASE [SMS_DB]\r\n","GO\r\n"],"metadata":{"urn":"Server[@Name='Shajan\\SQLEXPRESS']/Database[@Name='SMS_DB']","object_type":"Database"}},{"outputs":[],"execution_count":0,"cell_type":"code","source":["/****** Object:  Database [SMS_DB]    Script Date: 5/20/2024 8:50:07 PM ******/\r\nCREATE DATABASE [SMS_DB]\r\n CONTAINMENT = NONE\r\n ON  PRIMARY \r\n( NAME = N'SMS_DB', FILENAME = N'C:\\Program Files\\Microsoft SQL Server\\MSSQL16.SQLEXPRESS\\MSSQL\\DATA\\SMS_DB.mdf' , SIZE = 73728KB , MAXSIZE = UNLIMITED, FILEGROWTH = 65536KB )\r\n LOG ON \r\n( NAME = N'SMS_DB_log', FILENAME = N'C:\\Program Files\\Microsoft SQL Server\\MSSQL16.SQLEXPRESS\\MSSQL\\DATA\\SMS_DB_log.ldf' , SIZE = 8192KB , MAXSIZE = 2048GB , FILEGROWTH = 65536KB )\r\n WITH CATALOG_COLLATION = DATABASE_DEFAULT, LEDGER = OFF\r\n","GO\r\n","ALTER DATABASE [SMS_DB] SET COMPATIBILITY_LEVEL = 160\r\n","GO\r\n","IF (1 = FULLTEXTSERVICEPROPERTY('IsFullTextInstalled'))\r\nbegin\r\nEXEC [SMS_DB].[dbo].[sp_fulltext_database] @action = 'enable'\r\nend\r\n","GO\r\n","ALTER DATABASE [SMS_DB] SET ANSI_NULL_DEFAULT OFF \r\n","GO\r\n","ALTER DATABASE [SMS_DB] SET ANSI_NULLS OFF \r\n","GO\r\n","ALTER DATABASE [SMS_DB] SET ANSI_PADDING OFF \r\n","GO\r\n","ALTER DATABASE [SMS_DB] SET ANSI_WARNINGS OFF \r\n","GO\r\n","ALTER DATABASE [SMS_DB] SET ARITHABORT OFF \r\n","GO\r\n","ALTER DATABASE [SMS_DB] SET AUTO_CLOSE OFF \r\n","GO\r\n","ALTER DATABASE [SMS_DB] SET AUTO_SHRINK OFF \r\n","GO\r\n","ALTER DATABASE [SMS_DB] SET AUTO_UPDATE_STATISTICS ON \r\n","GO\r\n","ALTER DATABASE [SMS_DB] SET CURSOR_CLOSE_ON_COMMIT OFF \r\n","GO\r\n","ALTER DATABASE [SMS_DB] SET CURSOR_DEFAULT  GLOBAL \r\n","GO\r\n","ALTER DATABASE [SMS_DB] SET CONCAT_NULL_YIELDS_NULL OFF \r\n","GO\r\n","ALTER DATABASE [SMS_DB] SET NUMERIC_ROUNDABORT OFF \r\n","GO\r\n","ALTER DATABASE [SMS_DB] SET QUOTED_IDENTIFIER OFF \r\n","GO\r\n","ALTER DATABASE [SMS_DB] SET RECURSIVE_TRIGGERS OFF \r\n","GO\r\n","ALTER DATABASE [SMS_DB] SET  DISABLE_BROKER \r\n","GO\r\n","ALTER DATABASE [SMS_DB] SET AUTO_UPDATE_STATISTICS_ASYNC OFF \r\n","GO\r\n","ALTER DATABASE [SMS_DB] SET DATE_CORRELATION_OPTIMIZATION OFF \r\n","GO\r\n","ALTER DATABASE [SMS_DB] SET TRUSTWORTHY OFF \r\n","GO\r\n","ALTER DATABASE [SMS_DB] SET ALLOW_SNAPSHOT_ISOLATION OFF \r\n","GO\r\n","ALTER DATABASE [SMS_DB] SET PARAMETERIZATION SIMPLE \r\n","GO\r\n","ALTER DATABASE [SMS_DB] SET READ_COMMITTED_SNAPSHOT OFF \r\n","GO\r\n","ALTER DATABASE [SMS_DB] SET HONOR_BROKER_PRIORITY OFF \r\n","GO\r\n","ALTER DATABASE [SMS_DB] SET RECOVERY SIMPLE \r\n","GO\r\n","ALTER DATABASE [SMS_DB] SET  MULTI_USER \r\n","GO\r\n","ALTER DATABASE [SMS_DB] SET PAGE_VERIFY CHECKSUM  \r\n","GO\r\n","ALTER DATABASE [SMS_DB] SET DB_CHAINING OFF \r\n","GO\r\n","ALTER DATABASE [SMS_DB] SET FILESTREAM( NON_TRANSACTED_ACCESS = OFF ) \r\n","GO\r\n","ALTER DATABASE [SMS_DB] SET TARGET_RECOVERY_TIME = 60 SECONDS \r\n","GO\r\n","ALTER DATABASE [SMS_DB] SET DELAYED_DURABILITY = DISABLED \r\n","GO\r\n","ALTER DATABASE [SMS_DB] SET ACCELERATED_DATABASE_RECOVERY = OFF  \r\n","GO\r\n","ALTER DATABASE [SMS_DB] SET QUERY_STORE = ON\r\n","GO\r\n","ALTER DATABASE [SMS_DB] SET QUERY_STORE (OPERATION_MODE = READ_WRITE, CLEANUP_POLICY = (STALE_QUERY_THRESHOLD_DAYS = 30), DATA_FLUSH_INTERVAL_SECONDS = 900, INTERVAL_LENGTH_MINUTES = 60, MAX_STORAGE_SIZE_MB = 1000, QUERY_CAPTURE_MODE = AUTO, SIZE_BASED_CLEANUP_MODE = AUTO, MAX_PLANS_PER_QUERY = 200, WAIT_STATS_CAPTURE_MODE = ON)\r\n","GO\r\n"],"metadata":{"urn":"Server[@Name='Shajan\\SQLEXPRESS']/Database[@Name='SMS_DB']","object_type":"Database"}},{"cell_type":"markdown","source":["# [dbo].[Student]"],"metadata":{"urn":"Server[@Name='Shajan\\SQLEXPRESS']/Database[@Name='SMS_DB']/Table[@Name='Student' and @Schema='dbo']","object_type":"Table"}},{"outputs":[],"execution_count":0,"cell_type":"code","source":["USE [SMS_DB]\r\n","GO\r\n"],"metadata":{"urn":"Server[@Name='Shajan\\SQLEXPRESS']/Database[@Name='SMS_DB']/Table[@Name='Student' and @Schema='dbo']","object_type":"Table"}},{"outputs":[],"execution_count":0,"cell_type":"code","source":["/****** Object:  Table [dbo].[Student]    Script Date: 5/20/2024 8:50:07 PM ******/\r\nSET ANSI_NULLS ON\r\n","GO\r\n","SET QUOTED_IDENTIFIER ON\r\n","GO\r\n","CREATE TABLE [dbo].[Student](\r\n\t[StudentID] [bigint] IDENTITY(1,1) NOT NULL,\r\n\t[StudentRegNo] [nvarchar](10) NOT NULL,\r\n\t[FirstName] [nvarchar](20) NOT NULL,\r\n\t[MiddleName] [nvarchar](20) NULL,\r\n\t[LastName] [nvarchar](20) NOT NULL,\r\n\t[DisplayName] [nvarchar](20) NOT NULL,\r\n\t[Email] [nvarchar](30) NOT NULL,\r\n\t[Gender] [nvarchar](10) NOT NULL,\r\n\t[DOB] [date] NOT NULL,\r\n\t[Address] [nvarchar](50) NOT NULL,\r\n\t[ContactNo] [nvarchar](15) NOT NULL,\r\n\t[IsEnable] [bit] NOT NULL,\r\nPRIMARY KEY CLUSTERED \r\n(\r\n\t[StudentID] ASC\r\n)WITH (PAD_INDEX = OFF, STATISTICS_NORECOMPUTE = OFF, IGNORE_DUP_KEY = OFF, ALLOW_ROW_LOCKS = ON, ALLOW_PAGE_LOCKS = ON, OPTIMIZE_FOR_SEQUENTIAL_KEY = OFF) ON [PRIMARY]\r\n) ON [PRIMARY]\r\nGO\r\n"],"metadata":{"urn":"Server[@Name='Shajan\\SQLEXPRESS']/Database[@Name='SMS_DB']/Table[@Name='Student' and @Schema='dbo']","object_type":"Table"}},{"cell_type":"markdown","source":["# [dbo].[Student_Subject_Teacher_Allocation]"],"metadata":{"urn":"Server[@Name='Shajan\\SQLEXPRESS']/Database[@Name='SMS_DB']/Table[@Name='Student_Subject_Teacher_Allocation' and @Schema='dbo']","object_type":"Table"}},{"outputs":[],"execution_count":0,"cell_type":"code","source":["/****** Object:  Table [dbo].[Student_Subject_Teacher_Allocation]    Script Date: 5/20/2024 8:50:07 PM ******/\r\nSET ANSI_NULLS ON\r\n","GO\r\n","SET QUOTED_IDENTIFIER ON\r\n","GO\r\n","CREATE TABLE [dbo].[Student_Subject_Teacher_Allocation](\r\n\t[StudentAllocationID] [bigint] IDENTITY(1,1) NOT NULL,\r\n\t[StudentID] [bigint] NOT NULL,\r\n\t[SubjectAllocationID] [bigint] NOT NULL,\r\nPRIMARY KEY CLUSTERED \r\n(\r\n\t[StudentAllocationID] ASC\r\n)WITH (PAD_INDEX = OFF, STATISTICS_NORECOMPUTE = OFF, IGNORE_DUP_KEY = OFF, ALLOW_ROW_LOCKS = ON, ALLOW_PAGE_LOCKS = ON, OPTIMIZE_FOR_SEQUENTIAL_KEY = OFF) ON [PRIMARY]\r\n) ON [PRIMARY]\r\nGO\r\n"],"metadata":{"urn":"Server[@Name='Shajan\\SQLEXPRESS']/Database[@Name='SMS_DB']/Table[@Name='Student_Subject_Teacher_Allocation' and @Schema='dbo']","object_type":"Table"}},{"cell_type":"markdown","source":["# [dbo].[Subject]"],"metadata":{"urn":"Server[@Name='Shajan\\SQLEXPRESS']/Database[@Name='SMS_DB']/Table[@Name='Subject' and @Schema='dbo']","object_type":"Table"}},{"outputs":[],"execution_count":0,"cell_type":"code","source":["/****** Object:  Table [dbo].[Subject]    Script Date: 5/20/2024 8:50:07 PM ******/\r\nSET ANSI_NULLS ON\r\n","GO\r\n","SET QUOTED_IDENTIFIER ON\r\n","GO\r\n","CREATE TABLE [dbo].[Subject](\r\n\t[SubjectID] [bigint] IDENTITY(1,1) NOT NULL,\r\n\t[SubjectCode] [nvarchar](20) NOT NULL,\r\n\t[Name] [nvarchar](50) NOT NULL,\r\n\t[IsEnable] [bit] NOT NULL,\r\nPRIMARY KEY CLUSTERED \r\n(\r\n\t[SubjectID] ASC\r\n)WITH (PAD_INDEX = OFF, STATISTICS_NORECOMPUTE = OFF, IGNORE_DUP_KEY = OFF, ALLOW_ROW_LOCKS = ON, ALLOW_PAGE_LOCKS = ON, OPTIMIZE_FOR_SEQUENTIAL_KEY = OFF) ON [PRIMARY]\r\n) ON [PRIMARY]\r\nGO\r\n"],"metadata":{"urn":"Server[@Name='Shajan\\SQLEXPRESS']/Database[@Name='SMS_DB']/Table[@Name='Subject' and @Schema='dbo']","object_type":"Table"}},{"cell_type":"markdown","source":["# [dbo].[Teacher]"],"metadata":{"urn":"Server[@Name='Shajan\\SQLEXPRESS']/Database[@Name='SMS_DB']/Table[@Name='Teacher' and @Schema='dbo']","object_type":"Table"}},{"outputs":[],"execution_count":0,"cell_type":"code","source":["/****** Object:  Table [dbo].[Teacher]    Script Date: 5/20/2024 8:50:07 PM ******/\r\nSET ANSI_NULLS ON\r\n","GO\r\n","SET QUOTED_IDENTIFIER ON\r\n","GO\r\n","CREATE TABLE [dbo].[Teacher](\r\n\t[TeacherID] [bigint] IDENTITY(1,1) NOT NULL,\r\n\t[TeacherRegNo] [nvarchar](10) NOT NULL,\r\n\t[FirstName] [nvarchar](20) NOT NULL,\r\n\t[MiddleName] [nvarchar](20) NULL,\r\n\t[LastName] [nvarchar](20) NOT NULL,\r\n\t[DisplayName] [nvarchar](20) NOT NULL,\r\n\t[Email] [nvarchar](30) NOT NULL,\r\n\t[Gender] [nvarchar](10) NOT NULL,\r\n\t[DOB] [date] NOT NULL,\r\n\t[Address] [nvarchar](50) NOT NULL,\r\n\t[ContactNo] [nvarchar](15) NOT NULL,\r\n\t[IsEnable] [bit] NOT NULL,\r\nPRIMARY KEY CLUSTERED \r\n(\r\n\t[TeacherID] ASC\r\n)WITH (PAD_INDEX = OFF, STATISTICS_NORECOMPUTE = OFF, IGNORE_DUP_KEY = OFF, ALLOW_ROW_LOCKS = ON, ALLOW_PAGE_LOCKS = ON, OPTIMIZE_FOR_SEQUENTIAL_KEY = OFF) ON [PRIMARY]\r\n) ON [PRIMARY]\r\nGO\r\n"],"metadata":{"urn":"Server[@Name='Shajan\\SQLEXPRESS']/Database[@Name='SMS_DB']/Table[@Name='Teacher' and @Schema='dbo']","object_type":"Table"}},{"cell_type":"markdown","source":["# [dbo].[Teacher_Subject_Allocation]"],"metadata":{"urn":"Server[@Name='Shajan\\SQLEXPRESS']/Database[@Name='SMS_DB']/Table[@Name='Teacher_Subject_Allocation' and @Schema='dbo']","object_type":"Table"}},{"outputs":[],"execution_count":0,"cell_type":"code","source":["/****** Object:  Table [dbo].[Teacher_Subject_Allocation]    Script Date: 5/20/2024 8:50:07 PM ******/\r\nSET ANSI_NULLS ON\r\n","GO\r\n","SET QUOTED_IDENTIFIER ON\r\n","GO\r\n","CREATE TABLE [dbo].[Teacher_Subject_Allocation](\r\n\t[SubjectAllocationID] [bigint] IDENTITY(1,1) NOT NULL,\r\n\t[TeacherID] [bigint] NOT NULL,\r\n\t[SubjectID] [bigint] NOT NULL,\r\nPRIMARY KEY CLUSTERED \r\n(\r\n\t[SubjectAllocationID] ASC\r\n)WITH (PAD_INDEX = OFF, STATISTICS_NORECOMPUTE = OFF, IGNORE_DUP_KEY = OFF, ALLOW_ROW_LOCKS = ON, ALLOW_PAGE_LOCKS = ON, OPTIMIZE_FOR_SEQUENTIAL_KEY = OFF) ON [PRIMARY]\r\n) ON [PRIMARY]\r\nGO\r\n"],"metadata":{"urn":"Server[@Name='Shajan\\SQLEXPRESS']/Database[@Name='SMS_DB']/Table[@Name='Teacher_Subject_Allocation' and @Schema='dbo']","object_type":"Table"}},{"cell_type":"markdown","source":["# [dbo].[Student]"],"metadata":{"urn":"Server[@Name='Shajan\\SQLEXPRESS']/Database[@Name='SMS_DB']/Table[@Name='Student' and @Schema='dbo']","object_type":"Table"}},{"outputs":[],"execution_count":0,"cell_type":"code","source":["SET IDENTITY_INSERT [dbo].[Student] ON \r\n","INSERT [dbo].[Student] ([StudentID], [StudentRegNo], [FirstName], [MiddleName], [LastName], [DisplayName], [Email], [Gender], [DOB], [Address], [ContactNo], [IsEnable]) VALUES (10007, N'S003', N'Emma', N'William', N'Brown', N'Emma Brown', N'emma@example.com', N'Female', CAST(N'1996-05-10' AS Date), N'789 Oak St', N'4561237890', 0)\r\n","INSERT [dbo].[Student] ([StudentID], [StudentRegNo], [FirstName], [MiddleName], [LastName], [DisplayName], [Email], [Gender], [DOB], [Address], [ContactNo], [IsEnable]) VALUES (10008, N'S004', N'Jack', N'Andrew', N'Wilson', N'Jack Wilson', N'jack@example.com', N'Male', CAST(N'1995-11-25' AS Date), N'101 Pine St', N'7894561230', 1)\r\n","INSERT [dbo].[Student] ([StudentID], [StudentRegNo], [FirstName], [MiddleName], [LastName], [DisplayName], [Email], [Gender], [DOB], [Address], [ContactNo], [IsEnable]) VALUES (10009, N'S005', N'Lily', NULL, N'Davis', N'Lily Davis', N'lily@example.com', N'Female', CAST(N'1992-07-30' AS Date), N'111 Cedar St', N'3216549870', 0)\r\n","INSERT [dbo].[Student] ([StudentID], [StudentRegNo], [FirstName], [MiddleName], [LastName], [DisplayName], [Email], [Gender], [DOB], [Address], [ContactNo], [IsEnable]) VALUES (10010, N'S006', N'Mason', N'Jacob', N'Clark', N'Mason Clark', N'mason@example.com', N'Male', CAST(N'1993-04-05' AS Date), N'222 Maple St', N'6547893210', 0)\r\n","INSERT [dbo].[Student] ([StudentID], [StudentRegNo], [FirstName], [MiddleName], [LastName], [DisplayName], [Email], [Gender], [DOB], [Address], [ContactNo], [IsEnable]) VALUES (10011, N'S007', N'Sophia', NULL, N'Walker', N'Sophia Walker', N'sophia@example.com', N'Female', CAST(N'1990-12-18' AS Date), N'333 Walnut St', N'9871236540', 1)\r\n","INSERT [dbo].[Student] ([StudentID], [StudentRegNo], [FirstName], [MiddleName], [LastName], [DisplayName], [Email], [Gender], [DOB], [Address], [ContactNo], [IsEnable]) VALUES (10012, N'S008', N'Noah', N'William', N'King', N'Noah King', N'noah@example.com', N'Male', CAST(N'1991-04-20' AS Date), N'444 Birch St', N'1472583690', 0)\r\n","INSERT [dbo].[Student] ([StudentID], [StudentRegNo], [FirstName], [MiddleName], [LastName], [DisplayName], [Email], [Gender], [DOB], [Address], [ContactNo], [IsEnable]) VALUES (10013, N'S009', N'Ava', N'Emily', N'Anderson', N'Ava Anderson', N'ava@example.com', N'Female', CAST(N'1994-01-07' AS Date), N'555 Spruce St', N'3698521470', 0)\r\n","INSERT [dbo].[Student] ([StudentID], [StudentRegNo], [FirstName], [MiddleName], [LastName], [DisplayName], [Email], [Gender], [DOB], [Address], [ContactNo], [IsEnable]) VALUES (10014, N'S010', N'James', N'Michael', N'Harris', N'James Harris', N'james@example.com', N'Male', CAST(N'1993-06-12' AS Date), N'666 Oak St', N'8523697410', 0)\r\n","SET IDENTITY_INSERT [dbo].[Student] OFF\r\n","GO\r\n"],"metadata":{"urn":"Server[@Name='Shajan\\SQLEXPRESS']/Database[@Name='SMS_DB']/Table[@Name='Student' and @Schema='dbo']","object_type":"Table"}},{"cell_type":"markdown","source":["# [dbo].[Student_Subject_Teacher_Allocation]"],"metadata":{"urn":"Server[@Name='Shajan\\SQLEXPRESS']/Database[@Name='SMS_DB']/Table[@Name='Student_Subject_Teacher_Allocation' and @Schema='dbo']","object_type":"Table"}},{"outputs":[],"execution_count":0,"cell_type":"code","source":["SET IDENTITY_INSERT [dbo].[Student_Subject_Teacher_Allocation] ON \r\n","INSERT [dbo].[Student_Subject_Teacher_Allocation] ([StudentAllocationID], [StudentID], [SubjectAllocationID]) VALUES (40124, 10008, 10070)\r\n","INSERT [dbo].[Student_Subject_Teacher_Allocation] ([StudentAllocationID], [StudentID], [SubjectAllocationID]) VALUES (40127, 10008, 30089)\r\n","INSERT [dbo].[Student_Subject_Teacher_Allocation] ([StudentAllocationID], [StudentID], [SubjectAllocationID]) VALUES (30125, 10008, 30091)\r\n","INSERT [dbo].[Student_Subject_Teacher_Allocation] ([StudentAllocationID], [StudentID], [SubjectAllocationID]) VALUES (40128, 10008, 40091)\r\n","INSERT [dbo].[Student_Subject_Teacher_Allocation] ([StudentAllocationID], [StudentID], [SubjectAllocationID]) VALUES (40126, 10011, 30083)\r\n","INSERT [dbo].[Student_Subject_Teacher_Allocation] ([StudentAllocationID], [StudentID], [SubjectAllocationID]) VALUES (30118, 10013, 10070)\r\n","SET IDENTITY_INSERT [dbo].[Student_Subject_Teacher_Allocation] OFF\r\n","GO\r\n"],"metadata":{"urn":"Server[@Name='Shajan\\SQLEXPRESS']/Database[@Name='SMS_DB']/Table[@Name='Student_Subject_Teacher_Allocation' and @Schema='dbo']","object_type":"Table"}},{"cell_type":"markdown","source":["# [dbo].[Subject]"],"metadata":{"urn":"Server[@Name='Shajan\\SQLEXPRESS']/Database[@Name='SMS_DB']/Table[@Name='Subject' and @Schema='dbo']","object_type":"Table"}},{"outputs":[],"execution_count":0,"cell_type":"code","source":["SET IDENTITY_INSERT [dbo].[Subject] ON \r\n","INSERT [dbo].[Subject] ([SubjectID], [SubjectCode], [Name], [IsEnable]) VALUES (10013, N'ENG101', N'English', 1)\r\n","INSERT [dbo].[Subject] ([SubjectID], [SubjectCode], [Name], [IsEnable]) VALUES (10014, N'SCI101', N'Science', 1)\r\n","INSERT [dbo].[Subject] ([SubjectID], [SubjectCode], [Name], [IsEnable]) VALUES (10015, N'HIST101', N'History', 1)\r\n","INSERT [dbo].[Subject] ([SubjectID], [SubjectCode], [Name], [IsEnable]) VALUES (10016, N'COMP101', N'Computer Science', 1)\r\n","INSERT [dbo].[Subject] ([SubjectID], [SubjectCode], [Name], [IsEnable]) VALUES (10019, N'BIO101', N'Biology', 1)\r\n","INSERT [dbo].[Subject] ([SubjectID], [SubjectCode], [Name], [IsEnable]) VALUES (10024, N'asd', N'sa', 0)\r\n","INSERT [dbo].[Subject] ([SubjectID], [SubjectCode], [Name], [IsEnable]) VALUES (10031, N'asdd', N'wa', 1)\r\n","INSERT [dbo].[Subject] ([SubjectID], [SubjectCode], [Name], [IsEnable]) VALUES (10032, N'dwdwwd', N'wdwdwd', 0)\r\n","INSERT [dbo].[Subject] ([SubjectID], [SubjectCode], [Name], [IsEnable]) VALUES (10033, N'asas', N'asad', 0)\r\n","INSERT [dbo].[Subject] ([SubjectID], [SubjectCode], [Name], [IsEnable]) VALUES (10035, N'dsdsd', N'sadasd', 0)\r\n","INSERT [dbo].[Subject] ([SubjectID], [SubjectCode], [Name], [IsEnable]) VALUES (10036, N'qwe', N'qwe', 0)\r\n","INSERT [dbo].[Subject] ([SubjectID], [SubjectCode], [Name], [IsEnable]) VALUES (10037, N'dffd', N'sdf', 0)\r\n","SET IDENTITY_INSERT [dbo].[Subject] OFF\r\n","GO\r\n"],"metadata":{"urn":"Server[@Name='Shajan\\SQLEXPRESS']/Database[@Name='SMS_DB']/Table[@Name='Subject' and @Schema='dbo']","object_type":"Table"}},{"cell_type":"markdown","source":["# [dbo].[Teacher]"],"metadata":{"urn":"Server[@Name='Shajan\\SQLEXPRESS']/Database[@Name='SMS_DB']/Table[@Name='Teacher' and @Schema='dbo']","object_type":"Table"}},{"outputs":[],"execution_count":0,"cell_type":"code","source":["SET IDENTITY_INSERT [dbo].[Teacher] ON \r\n","INSERT [dbo].[Teacher] ([TeacherID], [TeacherRegNo], [FirstName], [MiddleName], [LastName], [DisplayName], [Email], [Gender], [DOB], [Address], [ContactNo], [IsEnable]) VALUES (10003, N'T001', N'John', N'Doe', N'Smith', N'John Doe', N'john@example.com', N'Male', CAST(N'1990-05-15' AS Date), N'123 Main St', N'1234567890', 1)\r\n","INSERT [dbo].[Teacher] ([TeacherID], [TeacherRegNo], [FirstName], [MiddleName], [LastName], [DisplayName], [Email], [Gender], [DOB], [Address], [ContactNo], [IsEnable]) VALUES (10004, N'T002', N'Jane', N'Mary', N'Doe', N'Jane Doe', N'jane@example.com', N'Female', CAST(N'1985-08-20' AS Date), N'456 Elm St', N'9876543210', 0)\r\n","INSERT [dbo].[Teacher] ([TeacherID], [TeacherRegNo], [FirstName], [MiddleName], [LastName], [DisplayName], [Email], [Gender], [DOB], [Address], [ContactNo], [IsEnable]) VALUES (10005, N'T003', N'Michael', NULL, N'Johnson', N'Michael Johnson', N'michael@example.com', N'Male', CAST(N'1982-03-10' AS Date), N'789 Oak St', N'4561237890', 1)\r\n","INSERT [dbo].[Teacher] ([TeacherID], [TeacherRegNo], [FirstName], [MiddleName], [LastName], [DisplayName], [Email], [Gender], [DOB], [Address], [ContactNo], [IsEnable]) VALUES (10006, N'T004', N'Emily', N'Grace', N'Williams', N'Emily Williams', N'emily@example.com', N'Female', CAST(N'1995-11-25' AS Date), N'101 Pine St', N'7894561230', 1)\r\n","INSERT [dbo].[Teacher] ([TeacherID], [TeacherRegNo], [FirstName], [MiddleName], [LastName], [DisplayName], [Email], [Gender], [DOB], [Address], [ContactNo], [IsEnable]) VALUES (10007, N'T005', N'David', N'James', N'Brown', N'David Brow', N'david@example.com', N'Male', CAST(N'1988-09-30' AS Date), N'111 Cedar St', N'3216549870', 0)\r\n","INSERT [dbo].[Teacher] ([TeacherID], [TeacherRegNo], [FirstName], [MiddleName], [LastName], [DisplayName], [Email], [Gender], [DOB], [Address], [ContactNo], [IsEnable]) VALUES (10008, N'T006', N'Olivia', NULL, N'Taylor', N'Olivia Taylor', N'olivia@example.com', N'Female', CAST(N'1993-07-05' AS Date), N'222 Maple St', N'6547893210', 0)\r\n","INSERT [dbo].[Teacher] ([TeacherID], [TeacherRegNo], [FirstName], [MiddleName], [LastName], [DisplayName], [Email], [Gender], [DOB], [Address], [ContactNo], [IsEnable]) VALUES (10009, N'T007', N'William', N'Robert', N'Jones', N'William Jones', N'william@example.com', N'Male', CAST(N'1980-12-18' AS Date), N'333 Walnut St', N'9871236540', 0)\r\n","INSERT [dbo].[Teacher] ([TeacherID], [TeacherRegNo], [FirstName], [MiddleName], [LastName], [DisplayName], [Email], [Gender], [DOB], [Address], [ContactNo], [IsEnable]) VALUES (10010, N'T008', N'Sophia', N'Rose', N'Martinez', N'Sophia Martinez', N'sophia@example.com', N'Female', CAST(N'1984-04-20' AS Date), N'444 Birch St', N'1472583690', 1)\r\n","INSERT [dbo].[Teacher] ([TeacherID], [TeacherRegNo], [FirstName], [MiddleName], [LastName], [DisplayName], [Email], [Gender], [DOB], [Address], [ContactNo], [IsEnable]) VALUES (10011, N'T009', N'Ethan', N'Jacob', N'White', N'Ethan White', N'ethan@example.com', N'Male', CAST(N'1992-01-07' AS Date), N'555 Spruce St', N'3698521470', 1)\r\n","SET IDENTITY_INSERT [dbo].[Teacher] OFF\r\n","GO\r\n"],"metadata":{"urn":"Server[@Name='Shajan\\SQLEXPRESS']/Database[@Name='SMS_DB']/Table[@Name='Teacher' and @Schema='dbo']","object_type":"Table"}},{"cell_type":"markdown","source":["# [dbo].[Teacher_Subject_Allocation]"],"metadata":{"urn":"Server[@Name='Shajan\\SQLEXPRESS']/Database[@Name='SMS_DB']/Table[@Name='Teacher_Subject_Allocation' and @Schema='dbo']","object_type":"Table"}},{"outputs":[],"execution_count":0,"cell_type":"code","source":["SET IDENTITY_INSERT [dbo].[Teacher_Subject_Allocation] ON \r\n","INSERT [dbo].[Teacher_Subject_Allocation] ([SubjectAllocationID], [TeacherID], [SubjectID]) VALUES (40093, 10003, 10014)\r\n","INSERT [dbo].[Teacher_Subject_Allocation] ([SubjectAllocationID], [TeacherID], [SubjectID]) VALUES (30091, 10003, 10015)\r\n","INSERT [dbo].[Teacher_Subject_Allocation] ([SubjectAllocationID], [TeacherID], [SubjectID]) VALUES (40092, 10003, 10016)\r\n","INSERT [dbo].[Teacher_Subject_Allocation] ([SubjectAllocationID], [TeacherID], [SubjectID]) VALUES (30090, 10003, 10019)\r\n","INSERT [dbo].[Teacher_Subject_Allocation] ([SubjectAllocationID], [TeacherID], [SubjectID]) VALUES (40090, 10003, 10031)\r\n","INSERT [dbo].[Teacher_Subject_Allocation] ([SubjectAllocationID], [TeacherID], [SubjectID]) VALUES (40091, 10005, 10013)\r\n","INSERT [dbo].[Teacher_Subject_Allocation] ([SubjectAllocationID], [TeacherID], [SubjectID]) VALUES (30081, 10005, 10014)\r\n","INSERT [dbo].[Teacher_Subject_Allocation] ([SubjectAllocationID], [TeacherID], [SubjectID]) VALUES (10070, 10006, 10013)\r\n","INSERT [dbo].[Teacher_Subject_Allocation] ([SubjectAllocationID], [TeacherID], [SubjectID]) VALUES (30089, 10006, 10016)\r\n","INSERT [dbo].[Teacher_Subject_Allocation] ([SubjectAllocationID], [TeacherID], [SubjectID]) VALUES (30083, 10010, 10014)\r\n","INSERT [dbo].[Teacher_Subject_Allocation] ([SubjectAllocationID], [TeacherID], [SubjectID]) VALUES (30088, 10011, 10014)\r\n","INSERT [dbo].[Teacher_Subject_Allocation] ([SubjectAllocationID], [TeacherID], [SubjectID]) VALUES (30085, 10011, 10016)\r\n","SET IDENTITY_INSERT [dbo].[Teacher_Subject_Allocation] OFF\r\n","GO\r\n"],"metadata":{"urn":"Server[@Name='Shajan\\SQLEXPRESS']/Database[@Name='SMS_DB']/Table[@Name='Teacher_Subject_Allocation' and @Schema='dbo']","object_type":"Table"}},{"cell_type":"markdown","source":["# [UQ__Student___58646DF9ADF10A54]"],"metadata":{"urn":"Server[@Name='Shajan\\SQLEXPRESS']/Database[@Name='SMS_DB']/Table[@Name='Student_Subject_Teacher_Allocation' and @Schema='dbo']/Index[@Name='UQ__Student___58646DF9ADF10A54']","object_type":"Index"}},{"outputs":[],"execution_count":0,"cell_type":"code","source":["/****** Object:  Index [UQ__Student___58646DF9ADF10A54]    Script Date: 5/20/2024 8:50:07 PM ******/\r\nALTER TABLE [dbo].[Student_Subject_Teacher_Allocation] ADD UNIQUE NONCLUSTERED \r\n(\r\n\t[StudentID] ASC,\r\n\t[SubjectAllocationID] ASC\r\n)WITH (PAD_INDEX = OFF, STATISTICS_NORECOMPUTE = OFF, SORT_IN_TEMPDB = OFF, IGNORE_DUP_KEY = OFF, ONLINE = OFF, ALLOW_ROW_LOCKS = ON, ALLOW_PAGE_LOCKS = ON, OPTIMIZE_FOR_SEQUENTIAL_KEY = OFF) ON [PRIMARY]\r\n","GO\r\n"],"metadata":{"urn":"Server[@Name='Shajan\\SQLEXPRESS']/Database[@Name='SMS_DB']/Table[@Name='Student_Subject_Teacher_Allocation' and @Schema='dbo']/Index[@Name='UQ__Student___58646DF9ADF10A54']","object_type":"Index"}},{"cell_type":"markdown","source":["# [UQ__Teacher___7733E37D033050F9]"],"metadata":{"urn":"Server[@Name='Shajan\\SQLEXPRESS']/Database[@Name='SMS_DB']/Table[@Name='Teacher_Subject_Allocation' and @Schema='dbo']/Index[@Name='UQ__Teacher___7733E37D033050F9']","object_type":"Index"}},{"outputs":[],"execution_count":0,"cell_type":"code","source":["/****** Object:  Index [UQ__Teacher___7733E37D033050F9]    Script Date: 5/20/2024 8:50:07 PM ******/\r\nALTER TABLE [dbo].[Teacher_Subject_Allocation] ADD UNIQUE NONCLUSTERED \r\n(\r\n\t[TeacherID] ASC,\r\n\t[SubjectID] ASC\r\n)WITH (PAD_INDEX = OFF, STATISTICS_NORECOMPUTE = OFF, SORT_IN_TEMPDB = OFF, IGNORE_DUP_KEY = OFF, ONLINE = OFF, ALLOW_ROW_LOCKS = ON, ALLOW_PAGE_LOCKS = ON, OPTIMIZE_FOR_SEQUENTIAL_KEY = OFF) ON [PRIMARY]\r\n","GO\r\n"],"metadata":{"urn":"Server[@Name='Shajan\\SQLEXPRESS']/Database[@Name='SMS_DB']/Table[@Name='Teacher_Subject_Allocation' and @Schema='dbo']/Index[@Name='UQ__Teacher___7733E37D033050F9']","object_type":"Index"}},{"cell_type":"markdown","source":["# [DF__Student__IsEnabl__671F4F74]"],"metadata":{"urn":"Server[@Name='Shajan\\SQLEXPRESS']/Database[@Name='SMS_DB']/Table[@Name='Student' and @Schema='dbo']/Column[@Name='IsEnable']/Default[@Name='DF__Student__IsEnabl__671F4F74']","object_type":"Default"}},{"outputs":[],"execution_count":0,"cell_type":"code","source":["ALTER TABLE [dbo].[Student] ADD  DEFAULT ((1)) FOR [IsEnable]\r\n","GO\r\n"],"metadata":{"urn":"Server[@Name='Shajan\\SQLEXPRESS']/Database[@Name='SMS_DB']/Table[@Name='Student' and @Schema='dbo']/Column[@Name='IsEnable']/Default[@Name='DF__Student__IsEnabl__671F4F74']","object_type":"Default"}},{"cell_type":"markdown","source":["# [DF__Subject__IsEnabl__69FBBC1F]"],"metadata":{"urn":"Server[@Name='Shajan\\SQLEXPRESS']/Database[@Name='SMS_DB']/Table[@Name='Subject' and @Schema='dbo']/Column[@Name='IsEnable']/Default[@Name='DF__Subject__IsEnabl__69FBBC1F']","object_type":"Default"}},{"outputs":[],"execution_count":0,"cell_type":"code","source":["ALTER TABLE [dbo].[Subject] ADD  DEFAULT ((1)) FOR [IsEnable]\r\n","GO\r\n"],"metadata":{"urn":"Server[@Name='Shajan\\SQLEXPRESS']/Database[@Name='SMS_DB']/Table[@Name='Subject' and @Schema='dbo']/Column[@Name='IsEnable']/Default[@Name='DF__Subject__IsEnabl__69FBBC1F']","object_type":"Default"}},{"cell_type":"markdown","source":["# [DF__Teacher__IsEnabl__6442E2C9]"],"metadata":{"urn":"Server[@Name='Shajan\\SQLEXPRESS']/Database[@Name='SMS_DB']/Table[@Name='Teacher' and @Schema='dbo']/Column[@Name='IsEnable']/Default[@Name='DF__Teacher__IsEnabl__6442E2C9']","object_type":"Default"}},{"outputs":[],"execution_count":0,"cell_type":"code","source":["ALTER TABLE [dbo].[Teacher] ADD  DEFAULT ((1)) FOR [IsEnable]\r\n","GO\r\n"],"metadata":{"urn":"Server[@Name='Shajan\\SQLEXPRESS']/Database[@Name='SMS_DB']/Table[@Name='Teacher' and @Schema='dbo']/Column[@Name='IsEnable']/Default[@Name='DF__Teacher__IsEnabl__6442E2C9']","object_type":"Default"}},{"cell_type":"markdown","source":["# [FK__Student_S__Stude__73852659]"],"metadata":{"urn":"Server[@Name='Shajan\\SQLEXPRESS']/Database[@Name='SMS_DB']/Table[@Name='Student_Subject_Teacher_Allocation' and @Schema='dbo']/ForeignKey[@Name='FK__Student_S__Stude__73852659']","object_type":"ForeignKey"}},{"outputs":[],"execution_count":0,"cell_type":"code","source":["ALTER TABLE [dbo].[Student_Subject_Teacher_Allocation]  WITH CHECK ADD FOREIGN KEY([StudentID])\r\nREFERENCES [dbo].[Student] ([StudentID])\r\n","GO\r\n"],"metadata":{"urn":"Server[@Name='Shajan\\SQLEXPRESS']/Database[@Name='SMS_DB']/Table[@Name='Student_Subject_Teacher_Allocation' and @Schema='dbo']/ForeignKey[@Name='FK__Student_S__Stude__73852659']","object_type":"ForeignKey"}},{"cell_type":"markdown","source":["# [FK__Student_S__Subje__72910220]"],"metadata":{"urn":"Server[@Name='Shajan\\SQLEXPRESS']/Database[@Name='SMS_DB']/Table[@Name='Student_Subject_Teacher_Allocation' and @Schema='dbo']/ForeignKey[@Name='FK__Student_S__Subje__72910220']","object_type":"ForeignKey"}},{"outputs":[],"execution_count":0,"cell_type":"code","source":["ALTER TABLE [dbo].[Student_Subject_Teacher_Allocation]  WITH CHECK ADD FOREIGN KEY([SubjectAllocationID])\r\nREFERENCES [dbo].[Teacher_Subject_Allocation] ([SubjectAllocationID])\r\n","GO\r\n"],"metadata":{"urn":"Server[@Name='Shajan\\SQLEXPRESS']/Database[@Name='SMS_DB']/Table[@Name='Student_Subject_Teacher_Allocation' and @Schema='dbo']/ForeignKey[@Name='FK__Student_S__Subje__72910220']","object_type":"ForeignKey"}},{"cell_type":"markdown","source":["# [FK__Teacher_S__Subje__6EC0713C]"],"metadata":{"urn":"Server[@Name='Shajan\\SQLEXPRESS']/Database[@Name='SMS_DB']/Table[@Name='Teacher_Subject_Allocation' and @Schema='dbo']/ForeignKey[@Name='FK__Teacher_S__Subje__6EC0713C']","object_type":"ForeignKey"}},{"outputs":[],"execution_count":0,"cell_type":"code","source":["ALTER TABLE [dbo].[Teacher_Subject_Allocation]  WITH CHECK ADD FOREIGN KEY([SubjectID])\r\nREFERENCES [dbo].[Subject] ([SubjectID])\r\n","GO\r\n"],"metadata":{"urn":"Server[@Name='Shajan\\SQLEXPRESS']/Database[@Name='SMS_DB']/Table[@Name='Teacher_Subject_Allocation' and @Schema='dbo']/ForeignKey[@Name='FK__Teacher_S__Subje__6EC0713C']","object_type":"ForeignKey"}},{"cell_type":"markdown","source":["# [FK__Teacher_S__Teach__6DCC4D03]"],"metadata":{"urn":"Server[@Name='Shajan\\SQLEXPRESS']/Database[@Name='SMS_DB']/Table[@Name='Teacher_Subject_Allocation' and @Schema='dbo']/ForeignKey[@Name='FK__Teacher_S__Teach__6DCC4D03']","object_type":"ForeignKey"}},{"outputs":[],"execution_count":0,"cell_type":"code","source":["ALTER TABLE [dbo].[Teacher_Subject_Allocation]  WITH CHECK ADD FOREIGN KEY([TeacherID])\r\nREFERENCES [dbo].[Teacher] ([TeacherID])\r\n","GO\r\n"],"metadata":{"urn":"Server[@Name='Shajan\\SQLEXPRESS']/Database[@Name='SMS_DB']/Table[@Name='Teacher_Subject_Allocation' and @Schema='dbo']/ForeignKey[@Name='FK__Teacher_S__Teach__6DCC4D03']","object_type":"ForeignKey"}},{"cell_type":"markdown","source":["# [SMS_DB]"],"metadata":{"urn":"Server[@Name='Shajan\\SQLEXPRESS']/Database[@Name='SMS_DB']","object_type":"Database"}},{"outputs":[],"execution_count":0,"cell_type":"code","source":["USE [master]\r\n","GO\r\n"],"metadata":{"urn":"Server[@Name='Shajan\\SQLEXPRESS']/Database[@Name='SMS_DB']","object_type":"Database"}},{"outputs":[],"execution_count":0,"cell_type":"code","source":["ALTER DATABASE [SMS_DB] SET  READ_WRITE \r\n","GO\r\n"],"metadata":{"urn":"Server[@Name='Shajan\\SQLEXPRESS']/Database[@Name='SMS_DB']","object_type":"Database"}}]}